experiment,learning_rate,dropout,d_model,num_layers,n_heads,dim_feedforward,val_mae,val_rmse
Original Transformer,0.001,0.2,128,2,4,256,3.4215071201324463,6.177782230390839
Best Learning Rate,0.0005,0.2,128,2,4,256,3.39854,6.111852
Best Dropout,0.0005,0.1,128,2,4,256,3.377603,6.07985
D_MODEL 64,0.0005,0.1,64,2,4,256,3.4308552742004395,6.024501048594936
D_MODEL 256,0.0005,0.1,256,2,4,256,3.4585556983947754,6.013258907142297
Layers 1,0.0005,0.1,128,1,4,256,3.429508686065674,6.001111563397059
Layers 3,0.0005,0.1,128,3,4,256,3.468191146850586,6.066661546865685
Heads 2,0.0005,0.1,128,2,2,256,3.407120704650879,5.990688410002011
Heads 8,0.0005,0.1,128,2,8,256,3.414733409881592,5.993238772168568
FFN 128,0.0005,0.1,128,2,4,128,3.4265899658203125,6.02333426974609
FFN 512,0.0005,0.1,128,2,4,512,3.4072234630584717,6.028953945341499
