epoch,train_loss,val_loss,best_val_loss,best_epoch,patience_counter,epoch_time_seconds
1,0.5874098754723867,0.5099354711947618,0.5099354711947618,1,0,9.358033180236816
2,0.46243840201695763,0.47632237523794174,0.47632237523794174,2,0,8.3455810546875
3,0.43351360336939493,0.46464588189566575,0.46464588189566575,3,0,8.308598041534424
4,0.41460646073023477,0.4587565530781393,0.4587565530781393,4,0,8.397399663925171
5,0.4001385691165924,0.45974281154297014,0.4587565530781393,4,1,8.307129859924316
6,0.38762144311269126,0.4565158963755325,0.4565158963755325,6,0,8.542101860046387
7,0.37692532992362976,0.46184847393521555,0.4565158963755325,6,1,8.32312798500061
8,0.36768680620193483,0.4619250543139599,0.4565158963755325,6,2,8.2310471534729
9,0.3586388591925303,0.4636360153003975,0.4565158963755325,6,3,8.420650959014893
10,0.3509244805177053,0.46855720077399854,0.4565158963755325,6,4,8.320048809051514
