Epoch,Training_Loss,Validation_Loss
1,0.5126582101980846,0.48994805808696484
2,0.414342879931132,0.4712220985804581
3,0.3794764496485392,0.47492330284202816
4,0.357062579870224,0.47766060082897266
5,0.3418806648651759,0.4776234123295311
6,0.327398540854454,0.48981796192108756
7,0.3173368950287501,0.49367547784587024
8,0.3092551721334457,0.49485697063479434
9,0.3023546433051427,0.4950272858625761
10,0.29585485633214315,0.49985347984841577
11,0.29065610214074455,0.5060791147450261
12,0.2867278482913971,0.5068307733960898
13,0.2817797628641129,0.5078700147094894
14,0.2787079135974248,0.5024045242979709
15,0.27535064359505973,0.5132692744265552
16,0.2729786141316096,0.5084536473646208
17,0.2694011482000351,0.5133728829979965
18,0.26837975486119586,0.5218316685274692
19,0.2650463189284007,0.5217844814394118
20,0.2631798110802968,0.5209486143603163
