epoch,train_loss,validation_loss
1,0.5512926506201427,0.4818005554929928
2,0.4594240693251292,0.4552628468308184
3,0.4333174165089925,0.44831533785219546
4,0.41776401742299396,0.44556823979925225
5,0.4069742804368337,0.44602263856817176
6,0.39905935152371724,0.44480278301570153
7,0.39079606397946676,0.44558548237438556
8,0.3851526134808858,0.4452339403883175
9,0.3791068158944448,0.44591121858468763
10,0.3739624843597412,0.4430413304103745
11,0.37059411613146465,0.44677262629071873
12,0.36699588123957316,0.45008979737758636
13,0.36392558948198955,0.45024453931384617
14,0.3610068368911743,0.45198874092764324
