epoch,train_loss,val_loss,mae_15,mae_30,mae_45,mae_60,epoch_time_sec
1,0.2402097045580546,0.2139523926846407,0.4338590450308941,0.45436979264572813,0.47767052357947387,0.49896490546288313,302.3152530193329
2,0.21421525434652963,0.20487790334003944,0.39390421893309663,0.4249234268510783,0.45279477081365055,0.47607645447607394,352.4838240146637
3,0.20902296638488768,0.20322905407563127,0.3943247392221733,0.42270357479099874,0.4504181232855276,0.4736547852279963,338.89224123954773
4,0.20710332902272544,0.20401568948808643,0.39777271904879147,0.4310692218994653,0.4555317809184392,0.47643731493088937,279.1868591308594
5,0.20412408610184987,0.19692742956491807,0.3857467563615905,0.42027980296148193,0.4532294426527288,0.4724025669749136,292.27689599990845
6,0.20255007831255595,0.19599400224440075,0.37773169673703333,0.4108506701196785,0.43915235554730453,0.46404811215621455,294.28187108039856
7,0.20180565345287324,0.19742275733949133,0.38215512851322136,0.41272106152717714,0.4444682108307326,0.4702964060836368,288.2233889102936
8,0.20107823038101197,0.19477357537727114,0.3778021348019441,0.4093944871177276,0.4390806415014797,0.461792283863933,325.6599221229553
9,0.19943874235947928,0.19791712260080707,0.3789477810539581,0.4148874606385275,0.4432188387684248,0.4681017550605315,344.9909131526947
10,0.19885305325190225,0.19418577532525416,0.37319165413026456,0.4085537103453168,0.43964660360857294,0.4658690021821746,298.44559812545776
11,0.19785378221670785,0.19287436606396954,0.3749585367601227,0.40978307663290586,0.44256707584416427,0.47040266378058326,276.20423769950867
12,0.19726501866181692,0.19103560260393554,0.3714260363054496,0.40557991596007786,0.435402623343247,0.4635532956432413,312.1719889640808
13,0.1963711153268814,0.19223899116601656,0.37407994532474764,0.40915617484737327,0.4393584121156622,0.46373249411031053,286.966246843338
14,0.1959143662850062,0.18985618573303023,0.3684256638365763,0.40371773171204106,0.4338732323160878,0.4624330342091896,274.23497915267944
15,0.19519882011413575,0.18939689256216366,0.3711975248599494,0.4065720667303712,0.4351404899800265,0.4639252403544055,285.38478422164917
16,0.1947970323562622,0.1904733638641321,0.3736965788045415,0.40818339503473705,0.43571732517469813,0.4589324863972487,295.4255528450012
17,0.1937244875828425,0.19145616037874585,0.36766901943418717,0.4030883902752841,0.43192327822800036,0.45595099335467376,369.5708451271057
18,0.19302924577395122,0.1877176484213797,0.36656822767798547,0.4071707668955679,0.4370264136404903,0.4597942473159896,299.1918308734894
19,0.19276912069320679,0.1873640295514768,0.367972615002482,0.40285568746427697,0.43400422097356234,0.462217454833013,282.4073600769043
20,0.19193387842178344,0.18785283623987603,0.36543901030112197,0.4001428944369157,0.4288583479269787,0.4529070981812698,291.63216495513916
